{
  "accuracy": 0.9831460674157303,
  "loss": 0.017145584838391605,
  "per_class": {
    "no_hotspot": {
      "precision": 0.9444444444444444,
      "recall": 1.0,
      "f1": 0.9714285714285714,
      "support": 51
    },
    "hotspot": {
      "precision": 1.0,
      "recall": 0.9763779527559056,
      "f1": 0.9880478087649402,
      "support": 127
    }
  },
  "confusion_matrix": [
    [
      51,
      0
    ],
    [
      3,
      124
    ]
  ]
}