{
  "accuracy": 0.9776536312849162,
  "loss": 0.07812837263512004,
  "per_class": {
    "Circuit_Breakers": {
      "precision": 0.9534883720930233,
      "recall": 0.9761904761904762,
      "f1": 0.9647058823529412,
      "support": 42
    },
    "Disconnectors": {
      "precision": 0.9666666666666667,
      "recall": 0.9666666666666667,
      "f1": 0.9666666666666667,
      "support": 30
    },
    "Power_Transformers": {
      "precision": 0.9767441860465116,
      "recall": 1.0,
      "f1": 0.9882352941176471,
      "support": 42
    },
    "Surge_Arresters": {
      "precision": 1.0,
      "recall": 0.972972972972973,
      "f1": 0.9863013698630136,
      "support": 37
    },
    "Wave_Traps": {
      "precision": 1.0,
      "recall": 0.9642857142857143,
      "f1": 0.9818181818181818,
      "support": 28
    }
  },
  "confusion_matrix": [
    [
      41,
      1,
      0,
      0,
      0
    ],
    [
      1,
      29,
      0,
      0,
      0
    ],
    [
      0,
      0,
      42,
      0,
      0
    ],
    [
      0,
      0,
      1,
      36,
      0
    ],
    [
      1,
      0,
      0,
      0,
      27
    ]
  ]
}