{
  "accuracy": 0.9831460674157303,
  "loss": 0.019721688536745288,
  "per_class": {
    "no_hotspot": {
      "precision": 0.98,
      "recall": 0.9607843137254902,
      "f1": 0.9702970297029703,
      "support": 51
    },
    "hotspot": {
      "precision": 0.984375,
      "recall": 0.9921259842519685,
      "f1": 0.9882352941176471,
      "support": 127
    }
  },
  "confusion_matrix": [
    [
      49,
      2
    ],
    [
      1,
      126
    ]
  ]
}